<?xml version="1.0" encoding="utf-8" ?> 
<Testcases>
    <modulefolder modulePath="testcases.test_ui" runable="true">
        <module moduleName="test_demo">
            <Testcase className="TestDemo001" testCaseName="test_001"></Testcase>
        </module>
    </modulefolder>
    <modulefolder modulePath="testcase.uiTest" runable="true">
        <!--<module moduleName="example001">
            <Testcase className="TestExample001" testCaseName="test_001"></Testcase>
            <Testcase className="Login" testCaseName="test_login_002"></Testcase> 
        </module> -->
    </modulefolder>
    <modulefolder modulePath="testcase.uiTest.AccountandRolePageTest" testGoal="用于用户管理相关页面的测试" runable="false">
         <module moduleName="roleTest" testGoal="添加编辑查看删除角色">
             <Testcase className="roleTest" testCaseName="test01_newRole"></Testcase>
                <Testcase className="roleTest" testCaseName="test02_editRole"></Testcase>
                <Testcase className="roleTest" testCaseName="test03_deleteRole"></Testcase>
        </module>
         <module moduleName="userTest" testGoal="查看编辑当前登录的用户并修改密码" >
              <Testcase className="userTest" testCaseName="test01_view_userInfo"></Testcase>
              <Testcase className="userTest" testCaseName="test02_edit_userInfo"></Testcase>
              <Testcase className="userTest" testCaseName="test_03_editpw"></Testcase>
        </module>
        <module moduleName="accountTest" testGoal="新建搜索查看编辑重置和删除账号">
             <Testcase className="accountTest" testCaseName="test01_addaccount"></Testcase>-->
             <Testcase className="accountTest" testCaseName="test02_search_by_name"></Testcase>
             <Testcase className="accountTest" testCaseName="test03_search_role"></Testcase>
             <Testcase className="accountTest" testCaseName="test04_search_fleet"></Testcase>
             <Testcase className="accountTest" testCaseName="test05_search_by_person"></Testcase>
             <Testcase className="accountTest" testCaseName="test06_view_account"></Testcase>
             <Testcase className="accountTest" testCaseName="test07_edit_account"></Testcase>
             <Testcase className="accountTest" testCaseName="test08_reset_pwd"></Testcase>
             <Testcase className="accountTest" testCaseName="test09_delete_account"></Testcase>
         </module>
    </modulefolder>
    <modulefolder modulePath="testcase.uiTest.VehicleandFleetPageTest" testGoal="用于车辆车队模块相关页面测试" runable="false">
        <module moduleName="fleetTests">
               <Testcase className="fleetTests" testCaseName="test01_newFleet"></Testcase>
               <Testcase className="fleetTests" testCaseName="test02_editFleet"></Testcase>
               <Testcase className="fleetTests" testCaseName="test03_SearchbyID"></Testcase>
               <Testcase className="fleetTests" testCaseName="test04_deleteFleet"></Testcase>
        </module>
        <module moduleName="vehicleTest">
                  <Testcase className="vehicleTest" testCaseName="test01_addvehicle"></Testcase>
                 <Testcase className="vehicleTest" testCaseName="test02_transferfleet"></Testcase>
                 <Testcase className="vehicleTest" testCaseName="test03_transVehicleinbatch"></Testcase>
                <Testcase className="vehicleTest" testCaseName="test04_bindingdevice"></Testcase>
                 <Testcase className="vehicleTest" testCaseName="test05_unbinddevice"></Testcase>
             <Testcase className="vehicleTest" testCaseName="test06_deletevehicle"></Testcase>-->
         </module>
    </modulefolder>
    <modulefolder modulePath="testcase.uiTest.fleetRulesPageTest" testGoal="用于车队规则页面的测试" runable="false">
        <module moduleName="fleetRules_GeofenceTypeTest" testGoal="添加 一般-围栏类 告警">    
            <Testcase className="FleetRules_GeofenceTypeTest" testCaseName="test_fleetRulesInsert_001"></Testcase>
            <Testcase className="FleetRules_GeofenceTypeTest" testCaseName="test_fleetRulesView_001"></Testcase>
            <Testcase className="FleetRules_GeofenceTypeTest" testCaseName="test_fleetRulesEdit_Save_001"></Testcase>
            <Testcase className="FleetRules_GeofenceTypeTest" testCaseName="test_fleetRulesEdit_Cancel_001"></Testcase>
            <Testcase className="FleetRules_GeofenceTypeTest" testCaseName="test_fleetRulesDelete_001"></Testcase>
        </module>
        <module moduleName="fleetRules_ActiveTypeTest" testGoal="添加 一般-点火类 告警">
            <Testcase className="FleetRules_ActiveTypeTest" testCaseName="test_fleetRulesInsert_002"></Testcase>
            <Testcase className="FleetRules_ActiveTypeTest" testCaseName="test_fleetRulesView_002"></Testcase>
            <Testcase className="FleetRules_ActiveTypeTest" testCaseName="test_fleetRulesEdit_Save_002"></Testcase>
            <Testcase className="FleetRules_ActiveTypeTest" testCaseName="test_fleetRulesEdit_Cancel_002"></Testcase>
            <Testcase className="FleetRules_ActiveTypeTest" testCaseName="test_fleetRulesDelete_NO_002"></Testcase>
            <Testcase className="FleetRules_ActiveTypeTest" testCaseName="test_fleetRulesDelete_YES_002"></Testcase>
        </module>
        <module moduleName="fleetRules_ParkVehicleTypeTest" testGoal="添加 一般-泊车类 告警">
            <Testcase className="FleetRules_ParkVehicleTypeTest" testCaseName="test_fleetRulesInsert_003"></Testcase>
            <Testcase className="FleetRules_ParkVehicleTypeTest" testCaseName="test_fleetRulesView_list_003"></Testcase>
            <Testcase className="FleetRules_ParkVehicleTypeTest" testCaseName="test_fleetRulesView_detail_003"></Testcase>
            <Testcase className="FleetRules_ParkVehicleTypeTest" testCaseName="test_fleetRulesEdit_save_003"></Testcase>
            <Testcase className="FleetRules_ParkVehicleTypeTest" testCaseName="test_fleetRulesEdit_cancel_003"></Testcase>
            <Testcase className="FleetRules_ParkVehicleTypeTest" testCaseName="test_fleetRulesDelete_NO_003"></Testcase>
            <Testcase className="FleetRules_ParkVehicleTypeTest" testCaseName="test_fleetRulesDelete_YES_003"></Testcase>
        </module>
        <module moduleName="fleetRules_CrashTypeTest" testGoal="添加 一般-碰撞类 告警">
            <Testcase className="FleetRules_CrashTypeTest" testCaseName="test_fleetRulesInsert_004"></Testcase>
            <Testcase className="FleetRules_CrashTypeTest" testCaseName="test_fleetRulesView_list_004"></Testcase>
            <Testcase className="FleetRules_CrashTypeTest" testCaseName="test_fleetRulesView_detail_004"></Testcase>
            <Testcase className="FleetRules_CrashTypeTest" testCaseName="test_fleetRulesEdit_save_004"></Testcase>
            <Testcase className="FleetRules_CrashTypeTest" testCaseName="test_fleetRulesEdit_cancel_004"></Testcase>
            <Testcase className="FleetRules_CrashTypeTest" testCaseName="test_fleetRulesDelete_NO_004"></Testcase>
            <Testcase className="FleetRules_CrashTypeTest" testCaseName="test_fleetRulesDelete_YES_004"></Testcase>
        </module>
        <module moduleName="fleetRules_OffPowerTypeTest" testGoal="添加 告警-断电类 告警">
            <Testcase className="FleetRules_OffPowerTypeTest" testCaseName="test_fleetRulesInsert_005"></Testcase>
            <Testcase className="FleetRules_OffPowerTypeTest" testCaseName="test_fleetRulesView_list_005"></Testcase>
            <Testcase className="FleetRules_OffPowerTypeTest" testCaseName="test_fleetRulesView_detail_005"></Testcase>
            <Testcase className="FleetRules_OffPowerTypeTest" testCaseName="test_fleetRulesEdit_save_005"></Testcase>
            <Testcase className="FleetRules_OffPowerTypeTest" testCaseName="test_fleetRulesEdit_cancel_005"></Testcase>
            <Testcase className="FleetRules_OffPowerTypeTest" testCaseName="test_fleetRulesDelete_NO_005"></Testcase>
            <Testcase className="FleetRules_OffPowerTypeTest" testCaseName="test_fleetRulesDelete_YES_005"></Testcase>
        </module> 
        <module moduleName="fleetRules_OverSpeedTypeTest" testGoal="添加 告警-超速类 告警">
            <Testcase className="FleetRules_OverSpeedTypeTest" testCaseName="test_fleetRulesInsert_006"></Testcase>
            <Testcase className="FleetRules_OverSpeedTypeTest" testCaseName="test_fleetRulesView_list_006"></Testcase>
            <Testcase className="FleetRules_OverSpeedTypeTest" testCaseName="test_fleetRulesView_detail_006"></Testcase>
            <Testcase className="FleetRules_OverSpeedTypeTest" testCaseName="test_fleetRulesEdit_save_006"></Testcase>
            <Testcase className="FleetRules_OverSpeedTypeTest" testCaseName="test_fleetRulesEdit_cancel_006"></Testcase>
            <Testcase className="FleetRules_OverSpeedTypeTest" testCaseName="test_fleetRulesDelete_NO_006"></Testcase>
            <Testcase className="FleetRules_OverSpeedTypeTest" testCaseName="test_fleetRulesDelete_YES_006"></Testcase>
        </module> 
         <module moduleName="fleetRules_TowerVehicle_TypeTest" testGoal="添加 一般-拖车类 告警">
            <Testcase className="FleetRules_TowerVehicle_TypeTest" testCaseName="test_fleetRulesInsert_007"></Testcase>
            <Testcase className="FleetRules_TowerVehicle_TypeTest" testCaseName="test_fleetRulesView_list_007"></Testcase>
            <Testcase className="FleetRules_TowerVehicle_TypeTest" testCaseName="test_fleetRulesView_detail_007"></Testcase>
            <Testcase className="FleetRules_TowerVehicle_TypeTest" testCaseName="test_fleetRulesEdit_save_007"></Testcase>
            <Testcase className="FleetRules_TowerVehicle_TypeTest" testCaseName="test_fleetRulesEdit_cancel_007"></Testcase>
            <Testcase className="FleetRules_TowerVehicle_TypeTest" testCaseName="test_fleetRulesDelete_NO_007"></Testcase>
            <Testcase className="FleetRules_TowerVehicle_TypeTest" testCaseName="test_fleetRulesDelete_YES_007"></Testcase>
        </module> 
    </modulefolder>
    <modulefolder modulePath="testcase.uiTest.geofencePageTest" testGoal="用于地里围栏页面的测试" runable="false">
        <module moduleName="geofencePage_SettingTest" testGoal="">
            <Testcase className="GeofencePage_SettingTest" testCaseName="test_GeofenceCircleAdd_001"></Testcase>
            <Testcase className="GeofencePage_SettingTest" testCaseName="test_GeofenceOtherShapeAdd_001"></Testcase>
            <Testcase className="GeofencePage_SettingTest" testCaseName="test_GeofenceImport_001"></Testcase>
            <Testcase className="GeofencePage_SettingTest" testCaseName="test_GeofenceDetail_001"></Testcase>
            <Testcase className="GeofencePage_SettingTest" testCaseName="test_GeofenceEdit_001"></Testcase>
            <Testcase className="GeofencePage_SettingTest" testCaseName="test_GeofenceDelete_001"></Testcase>
        </module> 
    </modulefolder>
    <modulefolder modulePath="testcase.restFulAPI" runable="false">
    </modulefolder>
</Testcases>